{
  "trainedAt": "2026-07-12T16:25:40.012Z",
  "inputModality": "imu-only",
  "featureNames": [
    "ax",
    "ay",
    "az",
    "gx",
    "gy",
    "gz",
    "accelMagnitude",
    "gyroMagnitude"
  ],
  "featureSize": 8,
  "numClasses": 74,
  "epochs": 2,
  "trainSamples": 23289,
  "valSamples": 5827,
  "normalization": {
    "mean": [
      -0.014544598777304756,
      -0.005376009754086996,
      0.01449510104409946,
      -0.0008193791042725708,
      -0.00757757638411874,
      -0.0025386292073087064,
      1.915491712332629,
      0.9582035163281215
    ],
    "std": [
      1.1526487993685735,
      1.1497965422786365,
      1.1548228551555104,
      0.5760003717650608,
      0.5757437503296389,
      0.5773798057908016,
      0.5617732860193502,
      0.2802414877080194
    ]
  },
  "metrics": {
    "stepAccuracy": 0.036,
    "poseAccuracy": 0.0836,
    "macroPrecision": 0.0042,
    "macroRecall": 0.0162,
    "macroF1": 0.0041
  }
}